https://www.consumerfinance.gov/consumer-tools/educator-tools/students/student-young-consumers-training-webinars/,https://www.consumerfinance.gov/paying-for-college/student-young-consumers-training-webinars/
https://www.consumerfinance.gov/paying-for-college/your-financial-path-to-graduation/,https://www.consumerfinance.gov/paying-for-college/your-financial-path-to-graduation/?houp=onCampus&typp=bachelors&prop=0&lenp=4&ratp=inState&depp=dependent
https://www.consumerfinance.gov/ask-cfpb/what-are-the-costs-i-will-have-to-pay-for-a-reverse-mortgage-en-237/,https://www.consumerfinance.gov/ask-cfpb/how-much-does-a-reverse-mortgage-loan-cost-en-237/
https://www.consumerfinance.gov/ask-cfpb/what-is-a-plus-loan-en-553/,https://www.consumerfinance.gov/ask-cfpb/what-is-a-direct-plus-loan-en-553/
https://www.consumerfinance.gov/paying-for-college/your-financial-path-to-graduation/,https://www.consumerfinance.gov/paying-for-college/your-financial-path-to-graduation/?houp=onCampus&typp=bachelors&prop=0&lenp=4&ratp=inState&depp=dependent
https://www.consumerfinance.gov/newsroom/consumer-financial-protection-bureau-warns-companies-against-misleading-consumers-with-false-mortgage-advertisements/,https://www.consumerfinance.gov/about-us/newsroom/consumer-financial-protection-bureau-warns-companies-against-misleading-consumers-with-false-mortgage-advertisements/
https://www.consumerfinance.gov/paying-for-college/compare-financial-aid-and-college-cost/,https://www.consumerfinance.gov/paying-for-college/your-financial-path-to-graduation/?houp=onCampus&typp=bachelors&prop=0&lenp=4&ratp=inState&depp=dependent
http://www.consumerfinance.gov/,https://www.consumerfinance.gov/
https://www.consumerfinance.gov/ask-cfpb/my-school-is-planning-to-close-and-i-am-being-offered-a-teach-out-to-complete-my-program-what-happens-to-my-student-loans-en-1889/,https://www.consumerfinance.gov/ask-cfpb/my-school-closed-and-now-i-cant-graduate-what-happens-en-1889/
https://www.consumerfinance.gov/about-us/diversity-and-inclusion/,https://www.consumerfinance.gov/about-us/omwi/
https://www.consumerfinance.gov/consumer-tools/educator-tools/students/financial-intuition/,https://www.consumerfinance.gov/paying-for-college/financial-intuition/
https://www.consumerfinance.gov/ask-cfpb/if-im-thinking-about-taking-out-a-reverse-mortgage-what-other-options-should-i-consider-en-245/,https://www.consumerfinance.gov/ask-cfpb/can-anyone-take-out-a-reverse-mortgage-loan-en-227/
https://www.consumerfinance.gov/newsroom/prepared-remarks-of-cfpb-director-richard-cordray-at-the-roads-to-financial-independence-launch/,https://www.consumerfinance.gov/about-us/newsroom/prepared-remarks-of-cfpb-director-richard-cordray-at-the-roads-to-financial-independence-launch/
https://www.consumerfinance.gov/hmda/,https://www.consumerfinance.gov/data-research/hmda/
https://www.consumerfinance.gov/newsroom/cfpb-sues-offshore-payday-lender/,https://www.consumerfinance.gov/about-us/newsroom/cfpb-sues-offshore-payday-lender/
https://www.consumerfinance.gov/coronavirus/,https://www.consumerfinance.gov/
